{
    "gini": {
        "2022-06": 0.8364980967,
        "2022-07": 0.8364980967,
        "2022-08": 0.8364980967,
        "2022-09": 0.8364980967
    }
}